ID,y,Z,x,Cu,CuS,Cut,Mo,Au,Geol1,Geol2,Cat
1,5,5,5,0.685177766,0.594198364,0.172750096,0.770554004,0.100050164,30,Amb,1
2,5,5,10,0.935414489,0.077339261,0.183652773,0.555802164,0.687065185,40,Cuarz,2
3,5,5,15,0.177346979,0.289790433,0.147033251,0.751464058,0.536626155,50,Feld,3
